Feature,Importance
Growth_Rate_7,0.626584685137525
Sales_Lag_7,0.30651961750208273
Rolling_Avg_7,0.03888686356761936
Rolling_Avg_14,0.023153223665296027
Is_Weekend_Encoded,0.0025125674435746855
Day_Encoded,0.0016563068039097866
Rolling_Avg_30,0.00017437486674419444
Week_of_Year,0.00011518594863968623
Humidity,9.175818429543525e-05
Rainfall,9.172423550927451e-05
Sales_Lag_14,6.693192260012636e-05
Sales_Lag_30,5.0861731236809886e-05
Temperature_Avg,3.9957335259369735e-05
Category_Encoded,3.2762626387070125e-05
Month,1.765760081553856e-05
Season_Encoded,5.521428504924736e-06
